tau.squared,cochran.qe,p.value.cochran.qe,cochran.qm,p.value.cochran.qm,df.residual,logLik,deviance,AIC,BIC,AICc,nobs
0,1468.5590385909336,2.019325939538674e-272,4.2739471401503,0.5106853835767728,53,-90.31447228759463,180.62894457518925,196.62894457518925,212.39127988360622,199.90167184791653,59
