pred,ci.lb,ci.ub,pi.lb,pi.ub,continent
0.39952685638243723,0.19718249632982635,0.6431640988310884,0.017130625369034674,0.9621206791441047,Asia
0.14113623392591346,0.03812394041406751,0.40522849366517144,0.003733260489160627,0.8781432618985222,Europe
0.13207388847288276,0.03872691719426823,0.36499099983026057,0.0035773869439871425,0.8657681629240996,Africa
