estimate,ci.lb,ci.ub,pi.lb,pi.ub
0.49545239869417196,0.28048199748122715,0.7121174334361117,0.020501925650800924,0.9787545812027035
