pred,ci.lb,ci.ub,pi.lb,pi.ub,continent
0.8634067098989257,0.5900799461369961,0.9652249222060687,0.29166084910463325,0.9897997196389381,Africa
0.4849355852880932,0.15229356150324577,0.831482774274022,0.05259001726285345,0.9410692558310767,Asia
