estimate,ci.lb,ci.ub,pi.lb,pi.ub
0.23598448715495302,0.15127034604657522,0.3486515059887383,0.00740547581275005,0.9274698869302689
