pred,ci.lb,ci.ub,pi.lb,pi.ub,continent
0.5932209024729127,0.17958869024050028,0.9066778536508877,0.02773831549762371,0.9867628626526742,Africa
0.25069484165244776,0.03644882672200831,0.7474194899766963,0.005634587248625034,0.9518167499674717,Asia
0.24322465477485444,0.03308870412246292,0.75114960834468,0.0052422460057176224,0.9514589806140966,Europe
