pred,ci.lb,ci.ub,pi.lb,pi.ub,continent
0.09214608500957745,0.04071325082680718,0.19532397770535975,0.006159264326998501,0.6243851362185038,Europe
0.093479660165451825,0.031024544269965766,0.24931320689592085,0.005627643105612184,0.6526440492293732,Africa
0.277141009885594,0.10035578593571239,0.5685413023473536,0.020074332284715137,0.877681906467511,Asia
