pred,ci.lb,ci.ub,pi.lb,pi.ub,continent
0.7516604359828186,0.414404012203157,0.9282933330791657,0.14389957850599006,0.9819828065976505,Africa
0.2938590027567426,0.07074178233345806,0.6946438679296788,0.019873828455576028,0.8951863479586876,Asia
