estimate,ci.lb,ci.ub,pi.lb,pi.ub
0.474153314682566,0.239332720183961,0.720991151962341,0.0162561549156505,0.9800805082690917
