estimate,ci.lb,ci.ub,pi.lb,pi.ub
0.10890551863787054,0.0732884794773095,0.15886456773978563,0.007261399585044109,0.6712745430181597
