pred,ci.lb,ci.ub,pi.lb,pi.ub,continent
0.14917812651588294,0.031084514243676552,0.4893376637389786,0.006433191721622554,0.8260240861311899,Europe
0.1251173062629264,0.018925342836415095,0.5146134652689439,0.004449693672539915,0.8206539390570334,Africa
0.501758061167156,0.126728654447156,0.8748196937569528,0.03165116127302798,0.9687770802393036,Asia
