estimate,ci.lb,ci.ub,pi.lb,pi.ub
0.1175800397462894,0.07295150118749862,0.1840889067341537,0.008050461758010033,0.6862929937776222
