pred,ci.lb,ci.ub,pi.lb,pi.ub,continent
0.10075273621835663,0.04145038218102408,0.22498421786827566,0.00521650070242834,0.705353123143046,Europe
0.17153015986343004,0.05726084158196591,0.41375348958848884,0.008725797351012853,0.8296381153611557,Asia
0.10612907930808017,0.03870939744064371,0.2592988009470922,0.0052968269738347075,0.7258217105539272,Africa
