estimate,ci.lb,ci.ub,pi.lb,pi.ub
0.24962559118817162,0.16378793337033282,0.3610267536515438,0.007907195038528417,0.9328191607350053
