estimate,ci.lb,ci.ub,pi.lb,pi.ub
0.11077735796311604,0.07186169439109982,0.16697589939805002,0.0069682549507481695,0.6886353860148183
