estimate,ci.lb,ci.ub,pi.lb,pi.ub
0.11464722710086639,0.06880603027656781,0.18496318165595604,0.0052297366517548,0.7613142139240081
