pred,ci.lb,ci.ub,pi.lb,pi.ub,continent
0.12645539901670386,0.03613443680180804,0.3585568005950858,0.006462983732631979,0.7631163092107942,Europe
0.17908688588320998,0.04075284299260789,0.5283522484290971,0.008498177363474574,0.847390168482002,Africa
0.13665095172535935,0.03156564437767538,0.4345853475388993,0.006353713982711158,0.7966624067294644,Asia
